t,year,revenue,revenue_growth,ebit_margin,ebit,tax_rate,nopat,sales_to_capital,reinvestment,fcff
1,2025,1060.0,0.06,77.0,81620.0,77.0,-6203120.0,2.0,30.0,-6203150.0
2,2026,1113.0,0.05,77.0,85701.0,77.0,-6513276.0,2.0,26.5,-6513302.5
3,2027,1157.52,0.04,77.0,89129.04,77.0,-6773807.039999999,2.0,22.25999999999999,-6773829.299999999
4,2028,1198.0331999999999,0.035,77.0,92248.55639999999,77.0,-7010890.286399999,2.0,20.256599999999935,-7010910.542999999
5,2029,1233.974196,0.03,77.0,95016.013092,77.0,-7221216.994991999,2.0,17.97049800000002,-7221234.965489999
