{
  "base_fair_value_per_share": 21.0071,
  "bull_fair_value_per_share": 36.3661,
  "bear_fair_value_per_share": 11.8074,
  "sensitivity_grid": [
    5,
    5
  ],
  "monte_carlo": {
    "runs": 250,
    "seed": 123,
    "p10": 17.173094226240753,
    "median": 20.724591419170586,
    "p90": 24.382803058048744
  },
  "kpi_count": 4
}
