{
  "base_fair_value_per_share": 21.0071,
  "bull_fair_value_per_share": 36.3661,
  "bear_fair_value_per_share": 11.8074,
  "sensitivity_grid": [
    9,
    9
  ],
  "monte_carlo": {
    "runs": 250,
    "seed": 123,
    "p10": 19.68940580010364,
    "median": 22.668259798850944,
    "p90": 25.162629294852874
  },
  "kpi_count": 4
}
